<?xml version="1.0" encoding="UTF-8"?>
<!-- IMPORTANT: This is an internal file that has been generated
     by the Xilinx ISE software.  Any direct editing or
     changes made to this file may result in unpredictable
     behavior or data corruption.  It is strongly advised that
     users do not edit the contents of this file. -->
<DeviceUsageSummary rev="2">
<DesignStatistics TimeStamp="Sat Aug 31 19:00:25 2019"><group name="NetStatistics">
<item name="NumNets_Active" rev="2">
<attrib name="value" value="4251"/></item>
<item name="NumNets_Gnd" rev="2">
<attrib name="value" value="1"/></item>
<item name="NumNets_Vcc" rev="2">
<attrib name="value" value="1"/></item>
<item name="NumNodesOfType_Active_BRAMADDR" rev="2">
<attrib name="value" value="175"/></item>
<item name="NumNodesOfType_Active_BRAMDUMMY" rev="2">
<attrib name="value" value="372"/></item>
<item name="NumNodesOfType_Active_CLKPIN" rev="2">
<attrib name="value" value="2705"/></item>
<item name="NumNodesOfType_Active_CNTRLPIN" rev="2">
<attrib name="value" value="1801"/></item>
<item name="NumNodesOfType_Active_DOUBLE" rev="2">
<attrib name="value" value="7006"/></item>
<item name="NumNodesOfType_Active_DUMMY" rev="2">
<attrib name="value" value="4024"/></item>
<item name="NumNodesOfType_Active_DUMMYBANK" rev="2">
<attrib name="value" value="177"/></item>
<item name="NumNodesOfType_Active_DUMMYESC" rev="2">
<attrib name="value" value="1"/></item>
<item name="NumNodesOfType_Active_GLOBAL" rev="2">
<attrib name="value" value="469"/></item>
<item name="NumNodesOfType_Active_HFULLHEX" rev="2">
<attrib name="value" value="93"/></item>
<item name="NumNodesOfType_Active_HLONG" rev="2">
<attrib name="value" value="41"/></item>
<item name="NumNodesOfType_Active_HUNIHEX" rev="2">
<attrib name="value" value="339"/></item>
<item name="NumNodesOfType_Active_INPUT" rev="2">
<attrib name="value" value="6913"/></item>
<item name="NumNodesOfType_Active_IOBOUTPUT" rev="2">
<attrib name="value" value="1"/></item>
<item name="NumNodesOfType_Active_OMUX" rev="2">
<attrib name="value" value="4380"/></item>
<item name="NumNodesOfType_Active_OUTPUT" rev="2">
<attrib name="value" value="4072"/></item>
<item name="NumNodesOfType_Active_PREBXBY" rev="2">
<attrib name="value" value="3517"/></item>
<item name="NumNodesOfType_Active_VFULLHEX" rev="2">
<attrib name="value" value="792"/></item>
<item name="NumNodesOfType_Active_VLONG" rev="2">
<attrib name="value" value="205"/></item>
<item name="NumNodesOfType_Active_VUNIHEX" rev="2">
<attrib name="value" value="432"/></item>
<item name="NumNodesOfType_Vcc_BRAMDUMMY" rev="2">
<attrib name="value" value="13"/></item>
<item name="NumNodesOfType_Vcc_CNTRLPIN" rev="2">
<attrib name="value" value="66"/></item>
<item name="NumNodesOfType_Vcc_DUMMY" rev="2">
<attrib name="value" value="409"/></item>
<item name="NumNodesOfType_Vcc_INPUT" rev="2">
<attrib name="value" value="954"/></item>
<item name="NumNodesOfType_Vcc_PREBXBY" rev="2">
<attrib name="value" value="532"/></item>
<item name="NumNodesOfType_Vcc_VCCOUT" rev="2">
<attrib name="value" value="503"/></item>
</group>
<group name="SiteStatistics">
<item name="IBUF-DIFFM" rev="2">
<attrib name="value" value="1"/></item>
<item name="SLICEL-SLICEM" rev="2">
<attrib name="value" value="1276"/></item>
</group>
<group name="MiscellaneousStatistics">
<item name="AGG_BONDED_IO" rev="1">
<attrib name="value" value="1"/></item>
<item name="AGG_IO" rev="1">
<attrib name="value" value="1"/></item>
<item name="AGG_SLICE" rev="1">
<attrib name="value" value="3040"/></item>
<item name="NUM_4_INPUT_LUT" rev="1">
<attrib name="value" value="1551"/></item>
<item name="NUM_BONDED_IBUF" rev="1">
<attrib name="value" value="1"/></item>
<item name="NUM_BSCAN" rev="1">
<attrib name="value" value="1"/></item>
<item name="NUM_BUFGMUX" rev="1">
<attrib name="value" value="2"/></item>
<item name="NUM_CARRY_SKIP" rev="1">
<attrib name="value" value="3"/></item>
<item name="NUM_CYMUX" rev="1">
<attrib name="value" value="140"/></item>
<item name="NUM_LUT_RT" rev="1">
<attrib name="value" value="63"/></item>
<item name="NUM_RAMB16" rev="1">
<attrib name="value" value="11"/></item>
<item name="NUM_RPM" rev="1">
<attrib name="value" value="15"/></item>
<item name="NUM_SHIFT" rev="1">
<attrib name="value" value="388"/></item>
<item name="NUM_SLICEL" rev="1">
<attrib name="value" value="2762"/></item>
<item name="NUM_SLICEM" rev="1">
<attrib name="value" value="278"/></item>
<item name="NUM_SLICE_FF" rev="1">
<attrib name="value" value="3254"/></item>
<item name="NUM_SLICE_LATCH" rev="1">
<attrib name="value" value="1"/></item>
<item name="NUM_XOR" rev="1">
<attrib name="value" value="70"/></item>
<item name="Xilinx Core blk_mem_gen_v7_3, Xilinx CORE Generator 14.7" rev="1">
<attrib name="value" value="1"/></item>
<item name="Xilinx Core chipscope_icon_v1_05_a, Xilinx CORE Generator 14.7" rev="1">
<attrib name="value" value="1"/></item>
<item name="Xilinx Core chipscope_ila_v1_04_a, Xilinx CORE Generator 14.7" rev="1">
<attrib name="value" value="1"/></item>
<item name="Xilinx Core chipscope_vio_v1_04_a, Xilinx CORE Generator 14.7" rev="1">
<attrib name="value" value="1"/></item>
</group>
</DesignStatistics>
<DeviceUsage TimeStamp="Sat Aug 31 19:00:25 2019"><group name="SiteSummary">
<item name="BSCAN" rev="2">
<attrib name="total" value="1000000"/><attrib name="used" value="1"/></item>
<item name="BSCAN_BSCAN_BLACKBOX" rev="2">
<attrib name="total" value="1000000"/><attrib name="used" value="1"/></item>
<item name="BUFGMUX" rev="2">
<attrib name="total" value="1000000"/><attrib name="used" value="2"/></item>
<item name="BUFGMUX_GCLKMUX" rev="2">
<attrib name="total" value="1000000"/><attrib name="used" value="2"/></item>
<item name="BUFGMUX_GCLK_BUFFER" rev="2">
<attrib name="total" value="1000000"/><attrib name="used" value="2"/></item>
<item name="IBUF" rev="2">
<attrib name="total" value="1000000"/><attrib name="used" value="1"/></item>
<item name="IBUF_INBUF" rev="2">
<attrib name="total" value="1000000"/><attrib name="used" value="1"/></item>
<item name="IBUF_PAD" rev="2">
<attrib name="total" value="1000000"/><attrib name="used" value="1"/></item>
<item name="RAMB16" rev="2">
<attrib name="total" value="1000000"/><attrib name="used" value="11"/></item>
<item name="RAMB16_RAMB16" rev="2">
<attrib name="total" value="1000000"/><attrib name="used" value="11"/></item>
<item name="RAMB16_RAMB16A" rev="2">
<attrib name="total" value="1000000"/><attrib name="used" value="11"/></item>
<item name="RAMB16_RAMB16B" rev="2">
<attrib name="total" value="1000000"/><attrib name="used" value="9"/></item>
<item name="SLICEL" rev="2">
<attrib name="total" value="1000000"/><attrib name="used" value="2762"/></item>
<item name="SLICEL_CYMUXF" rev="2">
<attrib name="total" value="1000000"/><attrib name="used" value="35"/></item>
<item name="SLICEL_CYMUXG" rev="2">
<attrib name="total" value="1000000"/><attrib name="used" value="29"/></item>
<item name="SLICEL_F" rev="2">
<attrib name="total" value="1000000"/><attrib name="used" value="263"/></item>
<item name="SLICEL_F5MUX" rev="2">
<attrib name="total" value="1000000"/><attrib name="used" value="14"/></item>
<item name="SLICEL_F6MUX" rev="2">
<attrib name="total" value="1000000"/><attrib name="used" value="4"/></item>
<item name="SLICEL_FFX" rev="2">
<attrib name="total" value="1000000"/><attrib name="used" value="718"/></item>
<item name="SLICEL_FFY" rev="2">
<attrib name="total" value="1000000"/><attrib name="used" value="2401"/></item>
<item name="SLICEL_G" rev="2">
<attrib name="total" value="1000000"/><attrib name="used" value="888"/></item>
<item name="SLICEL_GNDF" rev="2">
<attrib name="total" value="1000000"/><attrib name="used" value="35"/></item>
<item name="SLICEL_GNDG" rev="2">
<attrib name="total" value="1000000"/><attrib name="used" value="29"/></item>
<item name="SLICEL_XORF" rev="2">
<attrib name="total" value="1000000"/><attrib name="used" value="33"/></item>
<item name="SLICEL_XORG" rev="2">
<attrib name="total" value="1000000"/><attrib name="used" value="30"/></item>
<item name="SLICEM" rev="2">
<attrib name="total" value="1000000"/><attrib name="used" value="278"/></item>
<item name="SLICEM_CYMUXF" rev="2">
<attrib name="total" value="1000000"/><attrib name="used" value="38"/></item>
<item name="SLICEM_CYMUXG" rev="2">
<attrib name="total" value="1000000"/><attrib name="used" value="38"/></item>
<item name="SLICEM_F" rev="2">
<attrib name="total" value="1000000"/><attrib name="used" value="129"/></item>
<item name="SLICEM_F5MUX" rev="2">
<attrib name="total" value="1000000"/><attrib name="used" value="19"/></item>
<item name="SLICEM_F6MUX" rev="2">
<attrib name="total" value="1000000"/><attrib name="used" value="8"/></item>
<item name="SLICEM_FFX" rev="2">
<attrib name="total" value="1000000"/><attrib name="used" value="71"/></item>
<item name="SLICEM_FFY" rev="2">
<attrib name="total" value="1000000"/><attrib name="used" value="65"/></item>
<item name="SLICEM_FMC15_BLACKBOX" rev="2">
<attrib name="total" value="1000000"/><attrib name="used" value="50"/></item>
<item name="SLICEM_G" rev="2">
<attrib name="total" value="1000000"/><attrib name="used" value="271"/></item>
<item name="SLICEM_GMC15_BLACKBOX" rev="2">
<attrib name="total" value="1000000"/><attrib name="used" value="203"/></item>
<item name="SLICEM_GNDF" rev="2">
<attrib name="total" value="1000000"/><attrib name="used" value="38"/></item>
<item name="SLICEM_GNDG" rev="2">
<attrib name="total" value="1000000"/><attrib name="used" value="35"/></item>
<item name="SLICEM_VDDG" rev="2">
<attrib name="total" value="1000000"/><attrib name="used" value="3"/></item>
<item name="SLICEM_WSGEN" rev="2">
<attrib name="total" value="1000000"/><attrib name="used" value="268"/></item>
<item name="SLICEM_XORF" rev="2">
<attrib name="total" value="1000000"/><attrib name="used" value="7"/></item>
<item name="SLICEM_YBUSED" rev="2">
<attrib name="total" value="1000000"/><attrib name="used" value="148"/></item>
</group>
</DeviceUsage>
<ReportConfigData TimeStamp="Sat Aug 31 19:00:25 2019"><group name="SLICEL_CYMUXF">
<item name="0" rev="2">
<attrib name="0" value="35"/><attrib name="0_INV" value="0"/></item>
<item name="1" rev="2">
<attrib name="1_INV" value="0"/><attrib name="1" value="35"/></item>
</group>
<group name="SLICEL_CYMUXG">
<item name="0" rev="2">
<attrib name="0" value="29"/><attrib name="0_INV" value="0"/></item>
</group>
<group name="IBUF_PAD">
<item name="IOATTRBOX" rev="2">
<attrib name="LVCMOS33" value="1"/></item>
</group>
<group name="SLICEM_F">
<item name="DI" rev="2">
<attrib name="DI" value="120"/><attrib name="DI_INV" value="0"/></item>
<item name="F_ATTR" rev="2">
<attrib name="SHIFT_REG" value="120"/></item>
<item name="LUT_OR_MEM" rev="2">
<attrib name="LUT" value="9"/><attrib name="RAM" value="120"/></item>
</group>
<group name="SLICEM_G">
<item name="DI" rev="2">
<attrib name="DI" value="268"/><attrib name="DI_INV" value="0"/></item>
<item name="G_ATTR" rev="2">
<attrib name="SHIFT_REG" value="268"/></item>
<item name="LUT_OR_MEM" rev="2">
<attrib name="LUT" value="3"/><attrib name="RAM" value="268"/></item>
</group>
<group name="SLICEM_F6MUX">
<item name="S0" rev="2">
<attrib name="S0" value="8"/><attrib name="S0_INV" value="0"/></item>
</group>
<group name="SLICEL">
<item name="BX" rev="2">
<attrib name="BX_INV" value="0"/><attrib name="BX" value="700"/></item>
<item name="BY" rev="2">
<attrib name="BY" value="1722"/><attrib name="BY_INV" value="1"/></item>
<item name="CE" rev="2">
<attrib name="CE" value="532"/><attrib name="CE_INV" value="0"/></item>
<item name="CIN" rev="2">
<attrib name="CIN_INV" value="0"/><attrib name="CIN" value="29"/></item>
<item name="CLK" rev="2">
<attrib name="CLK" value="2410"/><attrib name="CLK_INV" value="1"/></item>
<item name="SR" rev="2">
<attrib name="SR" value="1032"/><attrib name="SR_INV" value="23"/></item>
</group>
<group name="SLICEM">
<item name="BX" rev="2">
<attrib name="BX_INV" value="0"/><attrib name="BX" value="91"/></item>
<item name="BY" rev="2">
<attrib name="BY" value="250"/><attrib name="BY_INV" value="0"/></item>
<item name="CE" rev="2">
<attrib name="CE" value="3"/><attrib name="CE_INV" value="0"/></item>
<item name="CIN" rev="2">
<attrib name="CIN_INV" value="0"/><attrib name="CIN" value="38"/></item>
<item name="CLK" rev="2">
<attrib name="CLK" value="276"/><attrib name="CLK_INV" value="0"/></item>
<item name="SHIFTIN" rev="2">
<attrib name="SHIFTIN_INV" value="0"/><attrib name="SHIFTIN" value="26"/></item>
<item name="SR" rev="2">
<attrib name="SR" value="275"/><attrib name="SR_INV" value="0"/></item>
</group>
<group name="SLICEL_F6MUX">
<item name="S0" rev="2">
<attrib name="S0" value="4"/><attrib name="S0_INV" value="0"/></item>
</group>
<group name="RAMB16">
<item name="CLKA" rev="2">
<attrib name="CLKA_INV" value="0"/><attrib name="CLKA" value="11"/></item>
<item name="CLKB" rev="2">
<attrib name="CLKB_INV" value="0"/><attrib name="CLKB" value="9"/></item>
<item name="ENA" rev="2">
<attrib name="ENA_INV" value="0"/><attrib name="ENA" value="11"/></item>
<item name="ENB" rev="2">
<attrib name="ENB_INV" value="0"/><attrib name="ENB" value="9"/></item>
<item name="SSRA" rev="2">
<attrib name="SSRA_INV" value="0"/><attrib name="SSRA" value="11"/></item>
<item name="SSRB" rev="2">
<attrib name="SSRB_INV" value="0"/><attrib name="SSRB" value="9"/></item>
<item name="WEA" rev="2">
<attrib name="WEA" value="11"/><attrib name="WEA_INV" value="0"/></item>
<item name="WEB" rev="2">
<attrib name="WEB" value="9"/><attrib name="WEB_INV" value="0"/></item>
</group>
<group name="RAMB16_RAMB16A">
<item name="CLKA" rev="2">
<attrib name="CLKA_INV" value="0"/><attrib name="CLKA" value="11"/></item>
<item name="ENA" rev="2">
<attrib name="ENA_INV" value="0"/><attrib name="ENA" value="11"/></item>
<item name="PORTA_ATTR" rev="2">
<attrib name="16384X1" value="5"/><attrib name="512X36" value="2"/><attrib name="1024X18" value="4"/></item>
<item name="SSRA" rev="2">
<attrib name="SSRA_INV" value="0"/><attrib name="SSRA" value="11"/></item>
<item name="WEA" rev="2">
<attrib name="WEA" value="11"/><attrib name="WEA_INV" value="0"/></item>
<item name="WRITEMODEA" rev="2">
<attrib name="NO_CHANGE" value="2"/><attrib name="WRITE_FIRST" value="7"/><attrib name="READ_FIRST" value="2"/></item>
</group>
<group name="RAMB16_RAMB16B">
<item name="CLKB" rev="2">
<attrib name="CLKB_INV" value="0"/><attrib name="CLKB" value="9"/></item>
<item name="ENB" rev="2">
<attrib name="ENB_INV" value="0"/><attrib name="ENB" value="9"/></item>
<item name="PORTB_ATTR" rev="2">
<attrib name="512X36" value="7"/><attrib name="1024X18" value="2"/></item>
<item name="SSRB" rev="2">
<attrib name="SSRB_INV" value="0"/><attrib name="SSRB" value="9"/></item>
<item name="WEB" rev="2">
<attrib name="WEB" value="9"/><attrib name="WEB_INV" value="0"/></item>
<item name="WRITEMODEB" rev="2">
<attrib name="WRITE_FIRST" value="9"/></item>
</group>
<group name="SLICEM_F5MUX">
<item name="S0" rev="2">
<attrib name="S0" value="19"/><attrib name="S0_INV" value="0"/></item>
</group>
<group name="SLICEL_FFX">
<item name="CE" rev="2">
<attrib name="CE" value="162"/><attrib name="CE_INV" value="0"/></item>
<item name="CK" rev="2">
<attrib name="CK" value="718"/><attrib name="CK_INV" value="0"/></item>
<item name="D" rev="2">
<attrib name="D" value="718"/><attrib name="D_INV" value="0"/></item>
<item name="FFX_INIT_ATTR" rev="2">
<attrib name="INIT0" value="520"/><attrib name="INIT1" value="198"/></item>
<item name="FFX_SR_ATTR" rev="2">
<attrib name="SRLOW" value="584"/><attrib name="SRHIGH" value="134"/></item>
<item name="LATCH_OR_FF" rev="2">
<attrib name="FF" value="718"/></item>
<item name="REV" rev="2">
<attrib name="REV_INV" value="0"/><attrib name="REV" value="4"/></item>
<item name="SR" rev="2">
<attrib name="SR" value="227"/><attrib name="SR_INV" value="20"/></item>
<item name="SYNC_ATTR" rev="2">
<attrib name="ASYNC" value="609"/><attrib name="SYNC" value="109"/></item>
</group>
<group name="SLICEL_XORF">
<item name="1" rev="2">
<attrib name="1_INV" value="0"/><attrib name="1" value="33"/></item>
</group>
<group name="SLICEL_FFY">
<item name="CE" rev="2">
<attrib name="CE" value="529"/><attrib name="CE_INV" value="0"/></item>
<item name="CK" rev="2">
<attrib name="CK" value="2400"/><attrib name="CK_INV" value="1"/></item>
<item name="D" rev="2">
<attrib name="D" value="2400"/><attrib name="D_INV" value="1"/></item>
<item name="FFY_INIT_ATTR" rev="2">
<attrib name="INIT0" value="2197"/><attrib name="INIT1" value="204"/></item>
<item name="FFY_SR_ATTR" rev="2">
<attrib name="SRLOW" value="2262"/><attrib name="SRHIGH" value="139"/></item>
<item name="LATCH_OR_FF" rev="2">
<attrib name="FF" value="2400"/><attrib name="LATCH" value="1"/></item>
<item name="SR" rev="2">
<attrib name="SR" value="1024"/><attrib name="SR_INV" value="23"/></item>
<item name="SYNC_ATTR" rev="2">
<attrib name="ASYNC" value="1763"/><attrib name="SYNC" value="638"/></item>
</group>
<group name="BUFGMUX_GCLKMUX">
<item name="DISABLE_ATTR" rev="2">
<attrib name="LOW" value="2"/></item>
<item name="S" rev="2">
<attrib name="S_INV" value="2"/><attrib name="S" value="0"/></item>
</group>
<group name="SLICEL_F5MUX">
<item name="S0" rev="2">
<attrib name="S0" value="14"/><attrib name="S0_INV" value="0"/></item>
</group>
<group name="SLICEM_XORF">
<item name="1" rev="2">
<attrib name="1_INV" value="0"/><attrib name="1" value="7"/></item>
</group>
<group name="SLICEM_WSGEN">
<item name="CK" rev="2">
<attrib name="CK" value="268"/><attrib name="CK_INV" value="0"/></item>
<item name="SYNC_ATTR" rev="2">
<attrib name="ASYNC" value="64"/></item>
<item name="WE" rev="2">
<attrib name="WE_INV" value="0"/><attrib name="WE" value="268"/></item>
</group>
<group name="SLICEM_FFX">
<item name="CE" rev="2">
<attrib name="CE" value="3"/><attrib name="CE_INV" value="0"/></item>
<item name="CK" rev="2">
<attrib name="CK" value="71"/><attrib name="CK_INV" value="0"/></item>
<item name="D" rev="2">
<attrib name="D" value="71"/><attrib name="D_INV" value="0"/></item>
<item name="FFX_INIT_ATTR" rev="2">
<attrib name="INIT0" value="67"/><attrib name="INIT1" value="4"/></item>
<item name="FFX_SR_ATTR" rev="2">
<attrib name="SRLOW" value="67"/><attrib name="SRHIGH" value="4"/></item>
<item name="LATCH_OR_FF" rev="2">
<attrib name="FF" value="71"/></item>
<item name="SR" rev="2">
<attrib name="SR" value="7"/><attrib name="SR_INV" value="0"/></item>
<item name="SYNC_ATTR" rev="2">
<attrib name="ASYNC" value="64"/><attrib name="SYNC" value="7"/></item>
</group>
<group name="SLICEM_FFY">
<item name="CK" rev="2">
<attrib name="CK" value="65"/><attrib name="CK_INV" value="0"/></item>
<item name="D" rev="2">
<attrib name="D" value="65"/><attrib name="D_INV" value="0"/></item>
<item name="FFY_INIT_ATTR" rev="2">
<attrib name="INIT0" value="65"/></item>
<item name="FFY_SR_ATTR" rev="2">
<attrib name="SRLOW" value="65"/></item>
<item name="LATCH_OR_FF" rev="2">
<attrib name="FF" value="65"/></item>
<item name="SYNC_ATTR" rev="2">
<attrib name="ASYNC" value="64"/><attrib name="SYNC" value="1"/></item>
</group>
<group name="SLICEM_CYMUXF">
<item name="0" rev="2">
<attrib name="0" value="38"/><attrib name="0_INV" value="0"/></item>
<item name="1" rev="2">
<attrib name="1_INV" value="0"/><attrib name="1" value="38"/></item>
</group>
<group name="SLICEM_CYMUXG">
<item name="0" rev="2">
<attrib name="0" value="35"/><attrib name="0_INV" value="0"/></item>
</group>
<group name="BUFGMUX">
<item name="S" rev="2">
<attrib name="S_INV" value="2"/><attrib name="S" value="0"/></item>
</group>
</ReportConfigData>
<ReportPinData TimeStamp="Sat Aug 31 19:00:25 2019"><group name="SLICEL_CYMUXF">
<item name="0" rev="2">
<attrib name="value" value="35"/></item>
<item name="1" rev="2">
<attrib name="value" value="35"/></item>
<item name="OUT" rev="2">
<attrib name="value" value="35"/></item>
<item name="S0" rev="2">
<attrib name="value" value="35"/></item>
</group>
<group name="SLICEL_CYMUXG">
<item name="0" rev="2">
<attrib name="value" value="29"/></item>
<item name="1" rev="2">
<attrib name="value" value="29"/></item>
<item name="OUT" rev="2">
<attrib name="value" value="29"/></item>
<item name="S0" rev="2">
<attrib name="value" value="29"/></item>
</group>
<group name="SLICEM_FMC15_BLACKBOX">
<item name="MC15" rev="2">
<attrib name="value" value="50"/></item>
<item name="WS2" rev="2">
<attrib name="value" value="50"/></item>
</group>
<group name="IBUF_PAD">
<item name="PAD" rev="2">
<attrib name="value" value="1"/></item>
</group>
<group name="IBUF_INBUF">
<item name="IN" rev="2">
<attrib name="value" value="1"/></item>
<item name="OUT" rev="2">
<attrib name="value" value="1"/></item>
</group>
<group name="SLICEM_F">
<item name="A1" rev="2">
<attrib name="value" value="122"/></item>
<item name="A2" rev="2">
<attrib name="value" value="122"/></item>
<item name="A3" rev="2">
<attrib name="value" value="122"/></item>
<item name="A4" rev="2">
<attrib name="value" value="120"/></item>
<item name="D" rev="2">
<attrib name="value" value="129"/></item>
<item name="DI" rev="2">
<attrib name="value" value="120"/></item>
<item name="WS" rev="2">
<attrib name="value" value="120"/></item>
</group>
<group name="SLICEM_G">
<item name="A1" rev="2">
<attrib name="value" value="271"/></item>
<item name="A2" rev="2">
<attrib name="value" value="271"/></item>
<item name="A3" rev="2">
<attrib name="value" value="271"/></item>
<item name="A4" rev="2">
<attrib name="value" value="269"/></item>
<item name="D" rev="2">
<attrib name="value" value="268"/></item>
<item name="DI" rev="2">
<attrib name="value" value="268"/></item>
<item name="WS" rev="2">
<attrib name="value" value="268"/></item>
</group>
<group name="BUFGMUX_GCLK_BUFFER">
<item name="IN" rev="2">
<attrib name="value" value="2"/></item>
<item name="OUT" rev="2">
<attrib name="value" value="2"/></item>
</group>
<group name="SLICEM_F6MUX">
<item name="0" rev="2">
<attrib name="value" value="8"/></item>
<item name="1" rev="2">
<attrib name="value" value="8"/></item>
<item name="OUT" rev="2">
<attrib name="value" value="8"/></item>
<item name="S0" rev="2">
<attrib name="value" value="8"/></item>
</group>
<group name="SLICEL">
<item name="BX" rev="2">
<attrib name="value" value="700"/></item>
<item name="BY" rev="2">
<attrib name="value" value="1723"/></item>
<item name="CE" rev="2">
<attrib name="value" value="532"/></item>
<item name="CIN" rev="2">
<attrib name="value" value="29"/></item>
<item name="CLK" rev="2">
<attrib name="value" value="2411"/></item>
<item name="COUT" rev="2">
<attrib name="value" value="29"/></item>
<item name="F1" rev="2">
<attrib name="value" value="262"/></item>
<item name="F2" rev="2">
<attrib name="value" value="229"/></item>
<item name="F3" rev="2">
<attrib name="value" value="67"/></item>
<item name="F4" rev="2">
<attrib name="value" value="52"/></item>
<item name="F5" rev="2">
<attrib name="value" value="8"/></item>
<item name="FX" rev="2">
<attrib name="value" value="1"/></item>
<item name="FXINA" rev="2">
<attrib name="value" value="4"/></item>
<item name="FXINB" rev="2">
<attrib name="value" value="4"/></item>
<item name="G1" rev="2">
<attrib name="value" value="888"/></item>
<item name="G2" rev="2">
<attrib name="value" value="728"/></item>
<item name="G3" rev="2">
<attrib name="value" value="709"/></item>
<item name="G4" rev="2">
<attrib name="value" value="49"/></item>
<item name="SR" rev="2">
<attrib name="value" value="1055"/></item>
<item name="X" rev="2">
<attrib name="value" value="211"/></item>
<item name="XB" rev="2">
<attrib name="value" value="1"/></item>
<item name="XQ" rev="2">
<attrib name="value" value="718"/></item>
<item name="Y" rev="2">
<attrib name="value" value="191"/></item>
<item name="YQ" rev="2">
<attrib name="value" value="2401"/></item>
</group>
<group name="SLICEM">
<item name="BX" rev="2">
<attrib name="value" value="91"/></item>
<item name="BY" rev="2">
<attrib name="value" value="250"/></item>
<item name="CE" rev="2">
<attrib name="value" value="3"/></item>
<item name="CIN" rev="2">
<attrib name="value" value="38"/></item>
<item name="CLK" rev="2">
<attrib name="value" value="276"/></item>
<item name="COUT" rev="2">
<attrib name="value" value="38"/></item>
<item name="F1" rev="2">
<attrib name="value" value="122"/></item>
<item name="F2" rev="2">
<attrib name="value" value="122"/></item>
<item name="F3" rev="2">
<attrib name="value" value="122"/></item>
<item name="F4" rev="2">
<attrib name="value" value="120"/></item>
<item name="F5" rev="2">
<attrib name="value" value="14"/></item>
<item name="FX" rev="2">
<attrib name="value" value="1"/></item>
<item name="FXINA" rev="2">
<attrib name="value" value="8"/></item>
<item name="FXINB" rev="2">
<attrib name="value" value="8"/></item>
<item name="G1" rev="2">
<attrib name="value" value="271"/></item>
<item name="G2" rev="2">
<attrib name="value" value="271"/></item>
<item name="G3" rev="2">
<attrib name="value" value="271"/></item>
<item name="G4" rev="2">
<attrib name="value" value="269"/></item>
<item name="SHIFTIN" rev="2">
<attrib name="value" value="26"/></item>
<item name="SHIFTOUT" rev="2">
<attrib name="value" value="26"/></item>
<item name="SR" rev="2">
<attrib name="value" value="275"/></item>
<item name="X" rev="2">
<attrib name="value" value="6"/></item>
<item name="XB" rev="2">
<attrib name="value" value="24"/></item>
<item name="XQ" rev="2">
<attrib name="value" value="71"/></item>
<item name="Y" rev="2">
<attrib name="value" value="156"/></item>
<item name="YB" rev="2">
<attrib name="value" value="148"/></item>
<item name="YQ" rev="2">
<attrib name="value" value="65"/></item>
</group>
<group name="SLICEL_F6MUX">
<item name="0" rev="2">
<attrib name="value" value="4"/></item>
<item name="1" rev="2">
<attrib name="value" value="4"/></item>
<item name="OUT" rev="2">
<attrib name="value" value="4"/></item>
<item name="S0" rev="2">
<attrib name="value" value="4"/></item>
</group>
<group name="RAMB16">
<item name="ADDRA0" rev="2">
<attrib name="value" value="5"/></item>
<item name="ADDRA1" rev="2">
<attrib name="value" value="5"/></item>
<item name="ADDRA10" rev="2">
<attrib name="value" value="11"/></item>
<item name="ADDRA11" rev="2">
<attrib name="value" value="11"/></item>
<item name="ADDRA12" rev="2">
<attrib name="value" value="11"/></item>
<item name="ADDRA13" rev="2">
<attrib name="value" value="11"/></item>
<item name="ADDRA2" rev="2">
<attrib name="value" value="5"/></item>
<item name="ADDRA3" rev="2">
<attrib name="value" value="5"/></item>
<item name="ADDRA4" rev="2">
<attrib name="value" value="9"/></item>
<item name="ADDRA5" rev="2">
<attrib name="value" value="11"/></item>
<item name="ADDRA6" rev="2">
<attrib name="value" value="11"/></item>
<item name="ADDRA7" rev="2">
<attrib name="value" value="11"/></item>
<item name="ADDRA8" rev="2">
<attrib name="value" value="11"/></item>
<item name="ADDRA9" rev="2">
<attrib name="value" value="11"/></item>
<item name="ADDRB10" rev="2">
<attrib name="value" value="9"/></item>
<item name="ADDRB11" rev="2">
<attrib name="value" value="9"/></item>
<item name="ADDRB12" rev="2">
<attrib name="value" value="9"/></item>
<item name="ADDRB13" rev="2">
<attrib name="value" value="9"/></item>
<item name="ADDRB4" rev="2">
<attrib name="value" value="2"/></item>
<item name="ADDRB5" rev="2">
<attrib name="value" value="9"/></item>
<item name="ADDRB6" rev="2">
<attrib name="value" value="9"/></item>
<item name="ADDRB7" rev="2">
<attrib name="value" value="9"/></item>
<item name="ADDRB8" rev="2">
<attrib name="value" value="9"/></item>
<item name="ADDRB9" rev="2">
<attrib name="value" value="9"/></item>
<item name="CLKA" rev="2">
<attrib name="value" value="11"/></item>
<item name="CLKB" rev="2">
<attrib name="value" value="9"/></item>
<item name="DIA0" rev="2">
<attrib name="value" value="11"/></item>
<item name="DIA1" rev="2">
<attrib name="value" value="6"/></item>
<item name="DIA10" rev="2">
<attrib name="value" value="6"/></item>
<item name="DIA11" rev="2">
<attrib name="value" value="6"/></item>
<item name="DIA12" rev="2">
<attrib name="value" value="6"/></item>
<item name="DIA13" rev="2">
<attrib name="value" value="6"/></item>
<item name="DIA14" rev="2">
<attrib name="value" value="6"/></item>
<item name="DIA15" rev="2">
<attrib name="value" value="6"/></item>
<item name="DIA16" rev="2">
<attrib name="value" value="2"/></item>
<item name="DIA17" rev="2">
<attrib name="value" value="2"/></item>
<item name="DIA18" rev="2">
<attrib name="value" value="2"/></item>
<item name="DIA19" rev="2">
<attrib name="value" value="2"/></item>
<item name="DIA2" rev="2">
<attrib name="value" value="6"/></item>
<item name="DIA20" rev="2">
<attrib name="value" value="2"/></item>
<item name="DIA21" rev="2">
<attrib name="value" value="2"/></item>
<item name="DIA22" rev="2">
<attrib name="value" value="2"/></item>
<item name="DIA23" rev="2">
<attrib name="value" value="2"/></item>
<item name="DIA24" rev="2">
<attrib name="value" value="2"/></item>
<item name="DIA25" rev="2">
<attrib name="value" value="2"/></item>
<item name="DIA26" rev="2">
<attrib name="value" value="2"/></item>
<item name="DIA27" rev="2">
<attrib name="value" value="2"/></item>
<item name="DIA28" rev="2">
<attrib name="value" value="2"/></item>
<item name="DIA29" rev="2">
<attrib name="value" value="2"/></item>
<item name="DIA3" rev="2">
<attrib name="value" value="6"/></item>
<item name="DIA30" rev="2">
<attrib name="value" value="2"/></item>
<item name="DIA31" rev="2">
<attrib name="value" value="2"/></item>
<item name="DIA4" rev="2">
<attrib name="value" value="6"/></item>
<item name="DIA5" rev="2">
<attrib name="value" value="6"/></item>
<item name="DIA6" rev="2">
<attrib name="value" value="6"/></item>
<item name="DIA7" rev="2">
<attrib name="value" value="6"/></item>
<item name="DIA8" rev="2">
<attrib name="value" value="6"/></item>
<item name="DIA9" rev="2">
<attrib name="value" value="6"/></item>
<item name="DIB0" rev="2">
<attrib name="value" value="7"/></item>
<item name="DIB1" rev="2">
<attrib name="value" value="7"/></item>
<item name="DIB10" rev="2">
<attrib name="value" value="7"/></item>
<item name="DIB11" rev="2">
<attrib name="value" value="7"/></item>
<item name="DIB12" rev="2">
<attrib name="value" value="7"/></item>
<item name="DIB13" rev="2">
<attrib name="value" value="7"/></item>
<item name="DIB14" rev="2">
<attrib name="value" value="7"/></item>
<item name="DIB15" rev="2">
<attrib name="value" value="7"/></item>
<item name="DIB16" rev="2">
<attrib name="value" value="5"/></item>
<item name="DIB17" rev="2">
<attrib name="value" value="5"/></item>
<item name="DIB18" rev="2">
<attrib name="value" value="5"/></item>
<item name="DIB19" rev="2">
<attrib name="value" value="5"/></item>
<item name="DIB2" rev="2">
<attrib name="value" value="7"/></item>
<item name="DIB20" rev="2">
<attrib name="value" value="5"/></item>
<item name="DIB21" rev="2">
<attrib name="value" value="5"/></item>
<item name="DIB22" rev="2">
<attrib name="value" value="5"/></item>
<item name="DIB23" rev="2">
<attrib name="value" value="5"/></item>
<item name="DIB24" rev="2">
<attrib name="value" value="5"/></item>
<item name="DIB25" rev="2">
<attrib name="value" value="5"/></item>
<item name="DIB26" rev="2">
<attrib name="value" value="5"/></item>
<item name="DIB27" rev="2">
<attrib name="value" value="5"/></item>
<item name="DIB28" rev="2">
<attrib name="value" value="5"/></item>
<item name="DIB29" rev="2">
<attrib name="value" value="5"/></item>
<item name="DIB3" rev="2">
<attrib name="value" value="7"/></item>
<item name="DIB30" rev="2">
<attrib name="value" value="5"/></item>
<item name="DIB31" rev="2">
<attrib name="value" value="5"/></item>
<item name="DIB4" rev="2">
<attrib name="value" value="7"/></item>
<item name="DIB5" rev="2">
<attrib name="value" value="7"/></item>
<item name="DIB6" rev="2">
<attrib name="value" value="7"/></item>
<item name="DIB7" rev="2">
<attrib name="value" value="7"/></item>
<item name="DIB8" rev="2">
<attrib name="value" value="7"/></item>
<item name="DIB9" rev="2">
<attrib name="value" value="7"/></item>
<item name="DIPA0" rev="2">
<attrib name="value" value="6"/></item>
<item name="DIPA1" rev="2">
<attrib name="value" value="6"/></item>
<item name="DIPA2" rev="2">
<attrib name="value" value="2"/></item>
<item name="DIPA3" rev="2">
<attrib name="value" value="2"/></item>
<item name="DIPB0" rev="2">
<attrib name="value" value="7"/></item>
<item name="DIPB1" rev="2">
<attrib name="value" value="7"/></item>
<item name="DIPB2" rev="2">
<attrib name="value" value="5"/></item>
<item name="DIPB3" rev="2">
<attrib name="value" value="5"/></item>
<item name="DOA0" rev="2">
<attrib name="value" value="9"/></item>
<item name="DOA1" rev="2">
<attrib name="value" value="4"/></item>
<item name="DOA10" rev="2">
<attrib name="value" value="4"/></item>
<item name="DOA11" rev="2">
<attrib name="value" value="4"/></item>
<item name="DOA12" rev="2">
<attrib name="value" value="4"/></item>
<item name="DOA13" rev="2">
<attrib name="value" value="4"/></item>
<item name="DOA14" rev="2">
<attrib name="value" value="3"/></item>
<item name="DOA15" rev="2">
<attrib name="value" value="2"/></item>
<item name="DOA2" rev="2">
<attrib name="value" value="4"/></item>
<item name="DOA3" rev="2">
<attrib name="value" value="4"/></item>
<item name="DOA4" rev="2">
<attrib name="value" value="4"/></item>
<item name="DOA5" rev="2">
<attrib name="value" value="4"/></item>
<item name="DOA6" rev="2">
<attrib name="value" value="4"/></item>
<item name="DOA7" rev="2">
<attrib name="value" value="3"/></item>
<item name="DOA8" rev="2">
<attrib name="value" value="4"/></item>
<item name="DOA9" rev="2">
<attrib name="value" value="4"/></item>
<item name="DOB0" rev="2">
<attrib name="value" value="2"/></item>
<item name="DOB1" rev="2">
<attrib name="value" value="2"/></item>
<item name="DOB10" rev="2">
<attrib name="value" value="2"/></item>
<item name="DOB11" rev="2">
<attrib name="value" value="2"/></item>
<item name="DOB12" rev="2">
<attrib name="value" value="2"/></item>
<item name="DOB13" rev="2">
<attrib name="value" value="2"/></item>
<item name="DOB14" rev="2">
<attrib name="value" value="2"/></item>
<item name="DOB15" rev="2">
<attrib name="value" value="2"/></item>
<item name="DOB16" rev="2">
<attrib name="value" value="2"/></item>
<item name="DOB17" rev="2">
<attrib name="value" value="2"/></item>
<item name="DOB18" rev="2">
<attrib name="value" value="2"/></item>
<item name="DOB19" rev="2">
<attrib name="value" value="2"/></item>
<item name="DOB2" rev="2">
<attrib name="value" value="2"/></item>
<item name="DOB20" rev="2">
<attrib name="value" value="2"/></item>
<item name="DOB21" rev="2">
<attrib name="value" value="2"/></item>
<item name="DOB22" rev="2">
<attrib name="value" value="2"/></item>
<item name="DOB23" rev="2">
<attrib name="value" value="2"/></item>
<item name="DOB24" rev="2">
<attrib name="value" value="2"/></item>
<item name="DOB25" rev="2">
<attrib name="value" value="2"/></item>
<item name="DOB26" rev="2">
<attrib name="value" value="2"/></item>
<item name="DOB27" rev="2">
<attrib name="value" value="2"/></item>
<item name="DOB28" rev="2">
<attrib name="value" value="2"/></item>
<item name="DOB29" rev="2">
<attrib name="value" value="2"/></item>
<item name="DOB3" rev="2">
<attrib name="value" value="2"/></item>
<item name="DOB30" rev="2">
<attrib name="value" value="2"/></item>
<item name="DOB31" rev="2">
<attrib name="value" value="2"/></item>
<item name="DOB4" rev="2">
<attrib name="value" value="2"/></item>
<item name="DOB5" rev="2">
<attrib name="value" value="2"/></item>
<item name="DOB6" rev="2">
<attrib name="value" value="2"/></item>
<item name="DOB7" rev="2">
<attrib name="value" value="2"/></item>
<item name="DOB8" rev="2">
<attrib name="value" value="2"/></item>
<item name="DOB9" rev="2">
<attrib name="value" value="2"/></item>
<item name="DOPA0" rev="2">
<attrib name="value" value="2"/></item>
<item name="DOPA1" rev="2">
<attrib name="value" value="2"/></item>
<item name="ENA" rev="2">
<attrib name="value" value="11"/></item>
<item name="ENB" rev="2">
<attrib name="value" value="9"/></item>
<item name="SSRA" rev="2">
<attrib name="value" value="11"/></item>
<item name="SSRB" rev="2">
<attrib name="value" value="9"/></item>
<item name="WEA" rev="2">
<attrib name="value" value="11"/></item>
<item name="WEB" rev="2">
<attrib name="value" value="9"/></item>
</group>
<group name="SLICEM_GNDF">
<item name="0" rev="2">
<attrib name="value" value="38"/></item>
</group>
<group name="SLICEM_GNDG">
<item name="0" rev="2">
<attrib name="value" value="35"/></item>
</group>
<group name="BSCAN">
<item name="DRCK1" rev="2">
<attrib name="value" value="1"/></item>
<item name="SEL1" rev="2">
<attrib name="value" value="1"/></item>
<item name="SHIFT" rev="2">
<attrib name="value" value="1"/></item>
<item name="TDI" rev="2">
<attrib name="value" value="1"/></item>
<item name="TDO1" rev="2">
<attrib name="value" value="1"/></item>
<item name="TDO2" rev="2">
<attrib name="value" value="1"/></item>
<item name="UPDATE" rev="2">
<attrib name="value" value="1"/></item>
</group>
<group name="RAMB16_RAMB16A">
<item name="ADDRA" rev="2">
<attrib name="value" value="11"/></item>
<item name="ADDRA0" rev="2">
<attrib name="value" value="5"/></item>
<item name="ADDRA1" rev="2">
<attrib name="value" value="5"/></item>
<item name="ADDRA10" rev="2">
<attrib name="value" value="11"/></item>
<item name="ADDRA11" rev="2">
<attrib name="value" value="11"/></item>
<item name="ADDRA12" rev="2">
<attrib name="value" value="11"/></item>
<item name="ADDRA13" rev="2">
<attrib name="value" value="11"/></item>
<item name="ADDRA2" rev="2">
<attrib name="value" value="5"/></item>
<item name="ADDRA3" rev="2">
<attrib name="value" value="5"/></item>
<item name="ADDRA4" rev="2">
<attrib name="value" value="9"/></item>
<item name="ADDRA5" rev="2">
<attrib name="value" value="11"/></item>
<item name="ADDRA6" rev="2">
<attrib name="value" value="11"/></item>
<item name="ADDRA7" rev="2">
<attrib name="value" value="11"/></item>
<item name="ADDRA8" rev="2">
<attrib name="value" value="11"/></item>
<item name="ADDRA9" rev="2">
<attrib name="value" value="11"/></item>
<item name="CLKA" rev="2">
<attrib name="value" value="11"/></item>
<item name="DIA" rev="2">
<attrib name="value" value="11"/></item>
<item name="DIA0" rev="2">
<attrib name="value" value="11"/></item>
<item name="DIA1" rev="2">
<attrib name="value" value="6"/></item>
<item name="DIA10" rev="2">
<attrib name="value" value="6"/></item>
<item name="DIA11" rev="2">
<attrib name="value" value="6"/></item>
<item name="DIA12" rev="2">
<attrib name="value" value="6"/></item>
<item name="DIA13" rev="2">
<attrib name="value" value="6"/></item>
<item name="DIA14" rev="2">
<attrib name="value" value="6"/></item>
<item name="DIA15" rev="2">
<attrib name="value" value="6"/></item>
<item name="DIA16" rev="2">
<attrib name="value" value="2"/></item>
<item name="DIA17" rev="2">
<attrib name="value" value="2"/></item>
<item name="DIA18" rev="2">
<attrib name="value" value="2"/></item>
<item name="DIA19" rev="2">
<attrib name="value" value="2"/></item>
<item name="DIA2" rev="2">
<attrib name="value" value="6"/></item>
<item name="DIA20" rev="2">
<attrib name="value" value="2"/></item>
<item name="DIA21" rev="2">
<attrib name="value" value="2"/></item>
<item name="DIA22" rev="2">
<attrib name="value" value="2"/></item>
<item name="DIA23" rev="2">
<attrib name="value" value="2"/></item>
<item name="DIA24" rev="2">
<attrib name="value" value="2"/></item>
<item name="DIA25" rev="2">
<attrib name="value" value="2"/></item>
<item name="DIA26" rev="2">
<attrib name="value" value="2"/></item>
<item name="DIA27" rev="2">
<attrib name="value" value="2"/></item>
<item name="DIA28" rev="2">
<attrib name="value" value="2"/></item>
<item name="DIA29" rev="2">
<attrib name="value" value="2"/></item>
<item name="DIA3" rev="2">
<attrib name="value" value="6"/></item>
<item name="DIA30" rev="2">
<attrib name="value" value="2"/></item>
<item name="DIA31" rev="2">
<attrib name="value" value="2"/></item>
<item name="DIA4" rev="2">
<attrib name="value" value="6"/></item>
<item name="DIA5" rev="2">
<attrib name="value" value="6"/></item>
<item name="DIA6" rev="2">
<attrib name="value" value="6"/></item>
<item name="DIA7" rev="2">
<attrib name="value" value="6"/></item>
<item name="DIA8" rev="2">
<attrib name="value" value="6"/></item>
<item name="DIA9" rev="2">
<attrib name="value" value="6"/></item>
<item name="DIPA0" rev="2">
<attrib name="value" value="6"/></item>
<item name="DIPA1" rev="2">
<attrib name="value" value="6"/></item>
<item name="DIPA2" rev="2">
<attrib name="value" value="2"/></item>
<item name="DIPA3" rev="2">
<attrib name="value" value="2"/></item>
<item name="DOA" rev="2">
<attrib name="value" value="11"/></item>
<item name="DOA0" rev="2">
<attrib name="value" value="9"/></item>
<item name="DOA1" rev="2">
<attrib name="value" value="4"/></item>
<item name="DOA10" rev="2">
<attrib name="value" value="4"/></item>
<item name="DOA11" rev="2">
<attrib name="value" value="4"/></item>
<item name="DOA12" rev="2">
<attrib name="value" value="4"/></item>
<item name="DOA13" rev="2">
<attrib name="value" value="4"/></item>
<item name="DOA14" rev="2">
<attrib name="value" value="3"/></item>
<item name="DOA15" rev="2">
<attrib name="value" value="2"/></item>
<item name="DOA2" rev="2">
<attrib name="value" value="4"/></item>
<item name="DOA3" rev="2">
<attrib name="value" value="4"/></item>
<item name="DOA4" rev="2">
<attrib name="value" value="4"/></item>
<item name="DOA5" rev="2">
<attrib name="value" value="4"/></item>
<item name="DOA6" rev="2">
<attrib name="value" value="4"/></item>
<item name="DOA7" rev="2">
<attrib name="value" value="3"/></item>
<item name="DOA8" rev="2">
<attrib name="value" value="4"/></item>
<item name="DOA9" rev="2">
<attrib name="value" value="4"/></item>
<item name="DOPA0" rev="2">
<attrib name="value" value="2"/></item>
<item name="DOPA1" rev="2">
<attrib name="value" value="2"/></item>
<item name="ENA" rev="2">
<attrib name="value" value="11"/></item>
<item name="SSRA" rev="2">
<attrib name="value" value="11"/></item>
<item name="WEA" rev="2">
<attrib name="value" value="11"/></item>
</group>
<group name="RAMB16_RAMB16B">
<item name="ADDRB" rev="2">
<attrib name="value" value="9"/></item>
<item name="ADDRB10" rev="2">
<attrib name="value" value="9"/></item>
<item name="ADDRB11" rev="2">
<attrib name="value" value="9"/></item>
<item name="ADDRB12" rev="2">
<attrib name="value" value="9"/></item>
<item name="ADDRB13" rev="2">
<attrib name="value" value="9"/></item>
<item name="ADDRB4" rev="2">
<attrib name="value" value="2"/></item>
<item name="ADDRB5" rev="2">
<attrib name="value" value="9"/></item>
<item name="ADDRB6" rev="2">
<attrib name="value" value="9"/></item>
<item name="ADDRB7" rev="2">
<attrib name="value" value="9"/></item>
<item name="ADDRB8" rev="2">
<attrib name="value" value="9"/></item>
<item name="ADDRB9" rev="2">
<attrib name="value" value="9"/></item>
<item name="CLKB" rev="2">
<attrib name="value" value="9"/></item>
<item name="DIB" rev="2">
<attrib name="value" value="9"/></item>
<item name="DIB0" rev="2">
<attrib name="value" value="7"/></item>
<item name="DIB1" rev="2">
<attrib name="value" value="7"/></item>
<item name="DIB10" rev="2">
<attrib name="value" value="7"/></item>
<item name="DIB11" rev="2">
<attrib name="value" value="7"/></item>
<item name="DIB12" rev="2">
<attrib name="value" value="7"/></item>
<item name="DIB13" rev="2">
<attrib name="value" value="7"/></item>
<item name="DIB14" rev="2">
<attrib name="value" value="7"/></item>
<item name="DIB15" rev="2">
<attrib name="value" value="7"/></item>
<item name="DIB16" rev="2">
<attrib name="value" value="5"/></item>
<item name="DIB17" rev="2">
<attrib name="value" value="5"/></item>
<item name="DIB18" rev="2">
<attrib name="value" value="5"/></item>
<item name="DIB19" rev="2">
<attrib name="value" value="5"/></item>
<item name="DIB2" rev="2">
<attrib name="value" value="7"/></item>
<item name="DIB20" rev="2">
<attrib name="value" value="5"/></item>
<item name="DIB21" rev="2">
<attrib name="value" value="5"/></item>
<item name="DIB22" rev="2">
<attrib name="value" value="5"/></item>
<item name="DIB23" rev="2">
<attrib name="value" value="5"/></item>
<item name="DIB24" rev="2">
<attrib name="value" value="5"/></item>
<item name="DIB25" rev="2">
<attrib name="value" value="5"/></item>
<item name="DIB26" rev="2">
<attrib name="value" value="5"/></item>
<item name="DIB27" rev="2">
<attrib name="value" value="5"/></item>
<item name="DIB28" rev="2">
<attrib name="value" value="5"/></item>
<item name="DIB29" rev="2">
<attrib name="value" value="5"/></item>
<item name="DIB3" rev="2">
<attrib name="value" value="7"/></item>
<item name="DIB30" rev="2">
<attrib name="value" value="5"/></item>
<item name="DIB31" rev="2">
<attrib name="value" value="5"/></item>
<item name="DIB4" rev="2">
<attrib name="value" value="7"/></item>
<item name="DIB5" rev="2">
<attrib name="value" value="7"/></item>
<item name="DIB6" rev="2">
<attrib name="value" value="7"/></item>
<item name="DIB7" rev="2">
<attrib name="value" value="7"/></item>
<item name="DIB8" rev="2">
<attrib name="value" value="7"/></item>
<item name="DIB9" rev="2">
<attrib name="value" value="7"/></item>
<item name="DIPB0" rev="2">
<attrib name="value" value="7"/></item>
<item name="DIPB1" rev="2">
<attrib name="value" value="7"/></item>
<item name="DIPB2" rev="2">
<attrib name="value" value="5"/></item>
<item name="DIPB3" rev="2">
<attrib name="value" value="5"/></item>
<item name="DOB" rev="2">
<attrib name="value" value="9"/></item>
<item name="DOB0" rev="2">
<attrib name="value" value="2"/></item>
<item name="DOB1" rev="2">
<attrib name="value" value="2"/></item>
<item name="DOB10" rev="2">
<attrib name="value" value="2"/></item>
<item name="DOB11" rev="2">
<attrib name="value" value="2"/></item>
<item name="DOB12" rev="2">
<attrib name="value" value="2"/></item>
<item name="DOB13" rev="2">
<attrib name="value" value="2"/></item>
<item name="DOB14" rev="2">
<attrib name="value" value="2"/></item>
<item name="DOB15" rev="2">
<attrib name="value" value="2"/></item>
<item name="DOB16" rev="2">
<attrib name="value" value="2"/></item>
<item name="DOB17" rev="2">
<attrib name="value" value="2"/></item>
<item name="DOB18" rev="2">
<attrib name="value" value="2"/></item>
<item name="DOB19" rev="2">
<attrib name="value" value="2"/></item>
<item name="DOB2" rev="2">
<attrib name="value" value="2"/></item>
<item name="DOB20" rev="2">
<attrib name="value" value="2"/></item>
<item name="DOB21" rev="2">
<attrib name="value" value="2"/></item>
<item name="DOB22" rev="2">
<attrib name="value" value="2"/></item>
<item name="DOB23" rev="2">
<attrib name="value" value="2"/></item>
<item name="DOB24" rev="2">
<attrib name="value" value="2"/></item>
<item name="DOB25" rev="2">
<attrib name="value" value="2"/></item>
<item name="DOB26" rev="2">
<attrib name="value" value="2"/></item>
<item name="DOB27" rev="2">
<attrib name="value" value="2"/></item>
<item name="DOB28" rev="2">
<attrib name="value" value="2"/></item>
<item name="DOB29" rev="2">
<attrib name="value" value="2"/></item>
<item name="DOB3" rev="2">
<attrib name="value" value="2"/></item>
<item name="DOB30" rev="2">
<attrib name="value" value="2"/></item>
<item name="DOB31" rev="2">
<attrib name="value" value="2"/></item>
<item name="DOB4" rev="2">
<attrib name="value" value="2"/></item>
<item name="DOB5" rev="2">
<attrib name="value" value="2"/></item>
<item name="DOB6" rev="2">
<attrib name="value" value="2"/></item>
<item name="DOB7" rev="2">
<attrib name="value" value="2"/></item>
<item name="DOB8" rev="2">
<attrib name="value" value="2"/></item>
<item name="DOB9" rev="2">
<attrib name="value" value="2"/></item>
<item name="ENB" rev="2">
<attrib name="value" value="9"/></item>
<item name="SSRB" rev="2">
<attrib name="value" value="9"/></item>
<item name="WEB" rev="2">
<attrib name="value" value="9"/></item>
</group>
<group name="IBUF">
<item name="I" rev="2">
<attrib name="value" value="1"/></item>
<item name="PAD" rev="2">
<attrib name="value" value="1"/></item>
</group>
<group name="SLICEM_F5MUX">
<item name="F" rev="2">
<attrib name="value" value="19"/></item>
<item name="G" rev="2">
<attrib name="value" value="19"/></item>
<item name="OUT" rev="2">
<attrib name="value" value="19"/></item>
<item name="S0" rev="2">
<attrib name="value" value="19"/></item>
</group>
<group name="SLICEL_FFX">
<item name="CE" rev="2">
<attrib name="value" value="162"/></item>
<item name="CK" rev="2">
<attrib name="value" value="718"/></item>
<item name="D" rev="2">
<attrib name="value" value="718"/></item>
<item name="Q" rev="2">
<attrib name="value" value="718"/></item>
<item name="REV" rev="2">
<attrib name="value" value="4"/></item>
<item name="SR" rev="2">
<attrib name="value" value="247"/></item>
</group>
<group name="SLICEL_XORF">
<item name="0" rev="2">
<attrib name="value" value="33"/></item>
<item name="1" rev="2">
<attrib name="value" value="33"/></item>
<item name="O" rev="2">
<attrib name="value" value="33"/></item>
</group>
<group name="SLICEL_FFY">
<item name="CE" rev="2">
<attrib name="value" value="529"/></item>
<item name="CK" rev="2">
<attrib name="value" value="2401"/></item>
<item name="D" rev="2">
<attrib name="value" value="2401"/></item>
<item name="Q" rev="2">
<attrib name="value" value="2401"/></item>
<item name="SR" rev="2">
<attrib name="value" value="1047"/></item>
</group>
<group name="SLICEL_XORG">
<item name="0" rev="2">
<attrib name="value" value="30"/></item>
<item name="1" rev="2">
<attrib name="value" value="30"/></item>
<item name="O" rev="2">
<attrib name="value" value="30"/></item>
</group>
<group name="BUFGMUX_GCLKMUX">
<item name="I0" rev="2">
<attrib name="value" value="2"/></item>
<item name="OUT" rev="2">
<attrib name="value" value="2"/></item>
<item name="S" rev="2">
<attrib name="value" value="2"/></item>
</group>
<group name="SLICEL_F5MUX">
<item name="F" rev="2">
<attrib name="value" value="14"/></item>
<item name="G" rev="2">
<attrib name="value" value="14"/></item>
<item name="OUT" rev="2">
<attrib name="value" value="14"/></item>
<item name="S0" rev="2">
<attrib name="value" value="14"/></item>
</group>
<group name="BSCAN_BSCAN_BLACKBOX">
<item name="DRCK1" rev="2">
<attrib name="value" value="1"/></item>
<item name="SEL1" rev="2">
<attrib name="value" value="1"/></item>
<item name="SHIFT" rev="2">
<attrib name="value" value="1"/></item>
<item name="TDI" rev="2">
<attrib name="value" value="1"/></item>
<item name="TDO1" rev="2">
<attrib name="value" value="1"/></item>
<item name="TDO2" rev="2">
<attrib name="value" value="1"/></item>
<item name="UPDATE" rev="2">
<attrib name="value" value="1"/></item>
</group>
<group name="SLICEM_VDDG">
<item name="1" rev="2">
<attrib name="value" value="3"/></item>
</group>
<group name="SLICEM_GMC15_BLACKBOX">
<item name="MC15" rev="2">
<attrib name="value" value="203"/></item>
<item name="WS2" rev="2">
<attrib name="value" value="203"/></item>
</group>
<group name="SLICEM_XORF">
<item name="0" rev="2">
<attrib name="value" value="7"/></item>
<item name="1" rev="2">
<attrib name="value" value="7"/></item>
<item name="O" rev="2">
<attrib name="value" value="7"/></item>
</group>
<group name="SLICEM_WSGEN">
<item name="CK" rev="2">
<attrib name="value" value="268"/></item>
<item name="WE" rev="2">
<attrib name="value" value="268"/></item>
<item name="WSF" rev="2">
<attrib name="value" value="120"/></item>
<item name="WSG" rev="2">
<attrib name="value" value="268"/></item>
</group>
<group name="SLICEM_FFX">
<item name="CE" rev="2">
<attrib name="value" value="3"/></item>
<item name="CK" rev="2">
<attrib name="value" value="71"/></item>
<item name="D" rev="2">
<attrib name="value" value="71"/></item>
<item name="Q" rev="2">
<attrib name="value" value="71"/></item>
<item name="SR" rev="2">
<attrib name="value" value="7"/></item>
</group>
<group name="SLICEM_FFY">
<item name="CK" rev="2">
<attrib name="value" value="65"/></item>
<item name="D" rev="2">
<attrib name="value" value="65"/></item>
<item name="Q" rev="2">
<attrib name="value" value="65"/></item>
</group>
<group name="SLICEM_CYMUXF">
<item name="0" rev="2">
<attrib name="value" value="38"/></item>
<item name="1" rev="2">
<attrib name="value" value="38"/></item>
<item name="OUT" rev="2">
<attrib name="value" value="38"/></item>
<item name="S0" rev="2">
<attrib name="value" value="38"/></item>
</group>
<group name="SLICEM_CYMUXG">
<item name="0" rev="2">
<attrib name="value" value="35"/></item>
<item name="1" rev="2">
<attrib name="value" value="38"/></item>
<item name="OUT" rev="2">
<attrib name="value" value="38"/></item>
<item name="S0" rev="2">
<attrib name="value" value="38"/></item>
</group>
<group name="BUFGMUX">
<item name="I0" rev="2">
<attrib name="value" value="2"/></item>
<item name="O" rev="2">
<attrib name="value" value="2"/></item>
<item name="S" rev="2">
<attrib name="value" value="2"/></item>
</group>
<group name="SLICEM_YBUSED">
<item name="0" rev="2">
<attrib name="value" value="148"/></item>
<item name="OUT" rev="2">
<attrib name="value" value="148"/></item>
</group>
<group name="SLICEL_F">
<item name="A1" rev="2">
<attrib name="value" value="262"/></item>
<item name="A2" rev="2">
<attrib name="value" value="229"/></item>
<item name="A3" rev="2">
<attrib name="value" value="67"/></item>
<item name="A4" rev="2">
<attrib name="value" value="52"/></item>
<item name="D" rev="2">
<attrib name="value" value="263"/></item>
</group>
<group name="SLICEL_G">
<item name="A1" rev="2">
<attrib name="value" value="888"/></item>
<item name="A2" rev="2">
<attrib name="value" value="728"/></item>
<item name="A3" rev="2">
<attrib name="value" value="709"/></item>
<item name="A4" rev="2">
<attrib name="value" value="49"/></item>
<item name="D" rev="2">
<attrib name="value" value="888"/></item>
</group>
<group name="RAMB16_RAMB16">
<item name="ADDRA" rev="2">
<attrib name="value" value="11"/></item>
<item name="ADDRB" rev="2">
<attrib name="value" value="9"/></item>
<item name="DIA" rev="2">
<attrib name="value" value="11"/></item>
<item name="DIB" rev="2">
<attrib name="value" value="9"/></item>
<item name="DOA" rev="2">
<attrib name="value" value="11"/></item>
<item name="DOB" rev="2">
<attrib name="value" value="9"/></item>
</group>
<group name="SLICEL_GNDF">
<item name="0" rev="2">
<attrib name="value" value="35"/></item>
</group>
<group name="SLICEL_GNDG">
<item name="0" rev="2">
<attrib name="value" value="29"/></item>
</group>
</ReportPinData>
<CmdHistory>
</CmdHistory>
</DeviceUsageSummary>
